;id;text;crisis_label
0;1305561678386520064;@DavidCardona_5 En los aniversarios de la muerte y cumplea√±os de mi madre, en mi familia la recordamos tomando un chupito de aquello que bebiera en vida -tequila- pero aqu√≠ no me queda muy claro si el finado la di√±√≥ solo o estos le dieron matarile... ü§î;0
1;1305864204902117376;"@CIBER_SAM @imimat @UAB_info Conoc√©is la investigaci√≥n en #suicidio y medioambiente de @mccstudy ? Incluye datos diarios de Espa√±a. En https://t.co/yDMp3EjMsL ten√©is los estudios ya publicados...

‚ñ™Ô∏è #temperatura y suicidio üëâ https://t.co/l40dUOz1Wr

‚ñ™Ô∏è#estacionalidad de suicidio üëâ https://t.co/4rmECcmBMG";0
2;1305527578736893952;"@pacomarhuenda üòÇ que cachondeo os traeis los del PP.
20 a√±os robando y prostituyendo las instituciones del Estado y ahora üòÇ pamear y no echar gota. 
Jueces y policias en n√≥mina pagando con el dinero de todos  üòÇ que risa Paquito.";0
3;1305561848712957958;One of our long serving Specials from the @ASPRoadSafety team has started his Standard Motorcycle course under the watchful eye of @RhysWHughes   follow us for further updates #ASPsrpu;0
4;1305572006390386688;@shendeluth @MarcLesan @elcrisolet Collons, tu no ser√°s ning√∫, jo s√≥c un usuari de Youtube. I puc dir el que penso d'un contingut penjat aquell web. I puc dir q crec q √©s un error penjar un v√≠deo de vacances en un canal en q fa v√≠deos d'entreteniment. El q no puc √©s insultar-lo o atacar-lo, cosa que no he fet.;0
5;1305573603740733440;@Thebrokkie Jajajaja trabajo todos los d√≠as diablo. Y la verdad no tengo equipo ni en NBA ni MLB y en la F1 siempre Ferrari hasta la muerte. Y en tenis Federer jajaja mi coraz√≥n no es hater;0
6;1305620076335374342;@dllaguerri @Andres_Boix Siempre atacando al sector m√°s d√©bil. Que hagan aflorar la economia sumergida, los chorizos que devuelvan lo que han  robado,los ex dejen de cobrar las vitalicias q no las merecen con menos asesores en todos los gobiernos, monarqu√≠a, em√©ritos, subvenciones a partidos pol√≠ticos,;0
7;1305585393920868359;@Alf39084722 El tema es hacer funcionar la goma. Rossi carga mucho atr√°s, no suele tener ese problema. Ni lo tuvo en 2017/18/19 por mucho que se empe√±en en decir lo de la crisis. Analizas resultados de 2018 y alucinas. Mejores que 2019 y 20.;0
8;1305600415560589319;@pablocasado_ Menos mal que la oposici√≥n cerr√≥ filas con el gobierno, ah que eso fue en el resto de Europa, aqu√≠  la oposici√≥n le encanta usar a los muertos.;0
9;1306171809944031233;Todos sabemos quien fue el mayor Impostor... https://t.co/yzdUWZgYQa;0
10;1305600200799592448;@CrisMontgat @NuriaLlibertat2 @Alicia_marxem @OpChildSafety1 @d_rusc @CROcultura1 @Geno_SG @falduko @psiborn @MALPARIT6 @aviamaria_ @Altafaja1P @indy_catalana @ChalecosAmarill @YourMarkLubbers @twittwalking @Esteltena @FreixesMassot @TuiteandoCom @Njaa592 @Imma01731695 @RosaMpl1 @MonicaLondres @bb1beng @Nev3rM1n8 @Fruit31832709 @Birepublica @RepublicaToni @MarkTwa01197091 @quixotcatala007 I les institucions internacionals haurien d'intervindr√†, per impedir'ho;0
11;1305597528461709313;"@music_legion Enjoy üëà
#MondayVibes #LGTWO #saveliveevents #BCN #triprain 
https://t.co/siD2EqD2DO";0
12;1305876095670124546;"COMO B√ÅRCENAS  ????
Ten√≠a BOMBAS guardadas .....ü§£ü§£ü§£ü§£ü§£ü§£ü§£ü§£
Que pas√≥ ?? Se le han extraviado ???
O hubo un pacto de silencio con la M√°fia ???  La sombra de la corrupci√≥n es muy alargada !!!
Con este pasar√° lo mismo , una cuenta corriente ; y a callar !!";0
13;1306281390858809344;"Castro Urdiales
Consultar los casos de coronavirus en Cantabria por municipios https://t.co/qcYh2dDilv";1
14;1305620203695464449;@HerreraenCOPE Fernando Simos a mentido mas que ha hablado sobre el coronavirus y respaldado por el Gobierno espero q  un dia puedan ser juzgados por los muerto y sanitarios infectados, mano de golfos;1
15;1305515946937913344;"Recuperar el Hola de toda la vida ü§ó  &gt; Gracias üôè";0
16;1305606650867351553;@stadesastre21 porque es verdad ü•∫;0
17;1305602597122961418;"Por si todav√≠a no has visto esto de @Alvisepf
#LosMuertosDeSanchez
 https://t.co/Ab9V9wVBZ7";0
18;1305882274592944134;@latetijuls @luceroxnc simplemente las mejores impostoras ü§†;0
19;1305487324822810624;Definitivamente la difusi√≥n no era la mejor opci√≥n. Como sea, se ten√≠a que denunciar con la autoridades :s;0
20;1305609425776934914;@stadesastre21 pf no que me entra la bajona jajaj pero muchas gracias, y lo mismo digo eh ü•∞;0
21;1306253583277531137;@wsakaren @zwiftinsider Massively overvalued at a billion though, surely?!;0
22;1305587711676420097;Diu la gent de Castellbisbal que no es veu mai a la Policia Local patejant-se els carrers i que la seva feina la fan els de Protecci√≥ Civil. Si m√©s no, avui aix√≠ ho semblava en la nova ubicaci√≥ del Mercat... https://t.co/h1bVgWVJ3K;0
23;1305612581848207365;Restringir el tr√†nsit motoritzat al voltant dels centres educatius √©s imprescindible per crear entorns escolars saludables. Esperem que m√©s ajuntaments se sumin per facilitar el despla√ßament a peu o en bici, millorar la qualitat de l'aire i assegurar dist√†ncia de seguretat;1
24;1305595250262577154;"@Fortnite_ES Menos mal pensaba que me hab√≠an hackeado, ya estaba cambiando la contrase√±a y todo i mandandos un e-mail
QUE ALIVIO";0
25;1305485509238681601;Perqu√® us refieu d'una companyia que monopolitza la inseguretat ciutadana, pregunto üòé https://t.co/Pv8TuvJsky;0
26;1305604237913657344;Soy una machine de hacer anticuerpossss!!!! @natamaragon hay que recuperar estas semanas üôåüèºüôåüèºüôåüèº‚ù§Ô∏è‚ù§Ô∏è‚ù§Ô∏èü§™ü§™;0
27;1305616673576280064;@rubenimmortal Yo no soy tutor este curso.;0
28;1306504530272702464;Hoy, una manifestaci√≥n del sector cultural de CyL recorrer√° #Valladolid para exigir a los gobiernos auton√≥mico y estatal medidas para proteger un sector fundamental del que dependen muchos trabajadores. Y es que un mundo sin cultura no merece la pena #AlertaRoja #HacemosEventos https://t.co/ikCU5YthvA;0
29;1306174467220164609;"¬°Ya salt√≥ el levante! Toda la provincia en aviso el viernes por fuertes lluvia y tormentas | CORD√ìPOLIS, el Diario Digital de C√≥rdoba
https://t.co/PCEkGr0khU";1
30;1305594481228611584;"La tasa de ocupaci√≥n de camas ocupadas por coronavirus se sit√∫a ya en el 8,5 por ciento.
https://t.co/5fARTp1tFq";1
31;1305488925906087942;@rsmedero #wooclap no s√© si en la modalidad: ‚Äúnube de palabras‚Äù (brainstorming), ‚Äúb√∫squeda de imagen‚Äù o ‚Äúpregunta abierta‚Äù. En 3 asignaturas distintas: IBDA, Reg. Turism. y d¬∫ info. ü§Ø https://t.co/7XrGhvKJd3;0
32;1305594782945882112;"Madrid suma 33 muertos en 24 horas y 2.810 nuevos contagios

https://t.co/dmCn9iO7q6";1
33;1305594874553659394;@europapress Nooooooo......ni hablarrrrrrrr......NI UN DESPIDO........QUE LA CRISIS  LA PAGUEN LOS RICOS.....!.....o los chinos?...joerrrrrrrrr...ya esta bien de ahorcar al debillllll......valeeeeeee..;0
34;1306255808313819137;Que bien funciona la seguridad social!!! Llevo m√°s de 15 d√≠as con dolor de o√≠dos. Me han dado cita para hoy. Llego y la doctora se ha ido a 2 urgencias!! Aqu√≠ estoy esperando en la puta calle a que me atiendan.  #AyusoDimision;0
35;1306169105305788416;2 Allstars, uno de ellos 2 veces mvp de las finales, rodeados de gangsters y sextos hombres, no han podido con un serbio con sobrepeso.;0
36;1305466222763487232;Dades a tenir en compte 24 hores abans de l'inici de les sancions als vehicles contanimants per la posada en marxa de la Zona de Baixes Emissions (ZBE);0
37;1305607423097548806;"Cambres on el temps fa d√®cades que es va aturar... els darrers testimonis dels h√†bits i costums d‚Äôaquells que en varen viure. 
#Igualada #Anoia https://t.co/nUcS7ZDFMp";0
38;1305593701587091463;@BBVVSantllu I tant que hi ha de m√©s antic.....si no busca el 50033 emb sembla que es PV, no el veig b√© la matr√≠cula , el van tenir els ,@bomberSVH , i encara circula per algun parc ,es el vehicle comodin. https://t.co/s7gX2kw2KQ;0
39;1305479879035678720;@RatonSFC1905 Lo que han hecho con la sanidad p√∫blica en plena emergencia sanitaria es para que ma√±ana mismo est√©n en la c√°rcel m√°s de uno y m√°s de dos. Y estoy siendo bueno.;0
40;1305606507837485057;@business So the swamp and corruption have reached unprecedented levels under an administration who proclaimed to drain the swamp.;0
41;1305616933748985858;@stadesastre21 gracias por el consejo se√±orita ca√≥tica y lo mismo te digo eh si algun dia necesitas hablar estar√© encantado de escucharte y poder ayudarte ü•∞;0
42;1306255983317057537;@Sherpabaron Llevo criticando desde hace tiempo que @Pontifex_es @Confepiscopal est√°n callados ante invasiones, injusticias, sociales y f√≠sicas a las que se est√° sometiendo a Europa #Stablishment @Europarl_ES y principalmente a Espa√±a, @VSocialGob @IgualdadGob  aborto, destrucci√≥n empleo etc.;0
43;1306256563762614273;Pongan un puesto de vig√≠a para controlar los incendios , de eso nos beneficiarios todos y evitariamos las quemas de estareas que se queman todos los veranos.....;1
44;1306173616426553345;@FeluGil @PoliciaLPA @AyuntamientoLPA @HidalgoAlcalde Perfecto, gracias.;0
45;1305517891673038850;@carles_azc reporta m√°s im√°genes del incendio de un autob√∫s en Badalona, ahora mismo. #bcnlegends #urbangraffitisbcn #blegends #ACABose #tgnlegends ‚≠ê ‚≠ê ‚≠ê ‚≠ê ‚≠ê ‚≠ê todos somos leyenda en Badalona https://t.co/Nm1k70Dz86;1
46;1305882714948730881;@davidjazt J‚Äôai encore un joker √† sortir pour le live stream en d√©placement : iPad Pro au lieu du MacBook Pro. C‚Äôest dingue de penser qu‚Äôun iPad est plus puissant qu‚Äôun laptop, mais faut s‚Äôadapter. On est en 2020 et plus 2010 üòú Merci pour le feed-back;0
47;1305608700837666816;@Perxitaa Himpostor;0
48;1305517122253193220;@gassalaburra pasa im√°genes del incidente, incendio autob√∫s, Badalona, todos somos leyenda ‚≠ê ‚≠ê ‚≠ê ‚≠ê ‚≠ê ‚≠ê @bcnlegendz cuando cierren esta cuenta. #bcnlegends #urbangraffitisbcn #blegends #ACABose #tgnlegends en Badalona https://t.co/Bhu56MY226;1
49;1305495187037265921;"@fmarcalvaro @eduardvoltas Els periodistes d' ERC us doneu la ra√≥ entre vosaltres i l'enemic a batre es el President Puigdemont. Aix√≤ d la confrontati√≤ intel.ligent ni preneu inter√©s, pq esteu tot el dia fent la pilota a la taula dl di√†leg q no d la negociaci√≥
No hi haur√† confrontaci√≥ entre Presidents üëç";0
50;1305623218158546944;@PouBoada @Esquerra_ERC Sempre atacant i traint!üò•;0
51;1305617391557148672;@viictor_8 Me inquieta, me atormenta y me perturba que @rodrigs91 y tu mireis tanto telecirco jajajaja;0
52;1306501513993424897;@davmanart @mariaguixa @CNsantandreu @CNAB_oficial @wpterrassa @CN_Sabadell @UEHorta @cngranollers @CNVallirana @CN_Montjuic @CNatacioPremia @CNLHospitalet @nataciocat @CNBARCELONA @cnsf_info @CN_Molins @CEMediterrani @CNPobleNou @Waterpolo_Rubi @cncatalunya @aeseh2o @esportcat Als partits que juguem a les nostres instal‚Ä¢lacions aix√≠ ho tenim previst;0
53;1306169236168024064;"üó£La propietat privada √©s inviolable. Cal avan√ßar r√†pidament en la concreci√≥ de mesures de protecci√≥ davant la massiva ocupaci√≥ il¬∑legal d'habitatges.

""Delgado pide a los fiscales que refuercen la defensa de las v√≠ctimas de los okupas.""
¬†
‚úçüèª @LaVanguardia
https://t.co/VDUiamKEoJ https://t.co/5v7loUJ1JO";0
54;1306516391084855296;@elCuco0 Ni idea, segun pon√≠a en el directo todo era grabado en una ps5. Ya si han hecho la treta ni idea. La consola la tienen que tener los desarrolladores desde hace muucho tiempo. De hecho ya se compartieron im√°genes de las versiones de desarrollo (no se si al final eran reales) https://t.co/5FS3nHGTwd;0
55;1306510964720832514;..otra cosa importante d la muerte de J. A. REYES (aparte d q marco su 1er gol en @laliga en el Estadio oLIMPIcO d BARCELONA =Estadio Luis COMPANYS =Presidente d Catalunya encerrado en monasterio VIRGEN D LA VICTORIA del Puerto d SANTA MARIA y ejecutado x FRANCO).. ademas de..;0
56;1305613662552555520;@22JCO S√≥c optmista de mena. Ja ens coneixem. Em lamento de la poca tra√ßa pol√≠tica general, per√≤ estic conven√ßut que el sector sabr√† navegar en aquesta tempesta. Per cert, dem√† debat: a les 19h pel canal de Youtube de @Recomana_ amb complicitat d'@Entreacte_;0
57;1306510131459428353;Despu√©s de cuatro meses para conseguir una cita para la Seguridad social nos la han anulado y era el Viernes. https://t.co/v1WosXX0F2;0
58;1306282851709714432;Ay mis muertos;0
59;1305516988274487296;"@jcsosazpurua Jajaja, buena protecci√≥n, las guerreras indomables.  Los ""caballeros"" que lo atacan como que tienen temor a algo o est√°n viendo visiones. Que locura se est√°n leyendo. Hombres atacando a otros. Dios, q le pasa a la sociedad.Todo es un problema, chisme, guerra, nada les gusta.";0
60;1306280825709887491;@CercaniasVLC Esto ha sido hoy esperando a las 15h el tren en Castell√≥n. A ustedes les parece bien esta aglomeraci√≥n con la situaci√≥n tan grave de coronavirus que tenemos? Es imposible mantener la distancia y ustedes ni ponen m√°s trenes ni ampl√≠an vagones https://t.co/Uy3UPYaDVf;1
61;1306255760926572546;@realDonaldTrump Ir√°n may attack against the United States in retaliation of the killing of terrorist leather Soleimanin. God protect of the people in US;0
62;1306518479965691904;@pacomarhuenda @eslamananadeFJL Si no fueran franquistas habr√≠an dotado de fondos a la ley, o la habr√≠an modificado, siempre pensando en las v√≠ctimas de ambos lados;0
63;1306525788557246464;Es momento de solidarizarse con un sector que est√° atravesando un momento muy dif√≠cil. No solo por los artistas, sino por toda la gente que est√° detr√°s (t√©cnicos, promotores, managers, productores, m√∫sicos, etc.) #cultura #AlertaRoja #AlertaRojaeventos https://t.co/h8OBC7u3Nu;0
64;1306279145656250369;"Mis series favoritas son:

Supernatural, Doctor Who, This is Us, LOST, The Walking Dead, Stranger Things, Daredevil, La maldici√≥n de Hill House, Friends, HIMYM, Black Mirror, Vikingos, Juego de Tronos, Dark, El ministerio del tiempo y Buffy Cazavampiros.

¬øY las vuestras? üòäü•∞";0
65;1306513391440351232;@versatilvlc Pero me parece que ha desaparecido de toda la red...üòµ;0
66;1306504167033384961;"A los mandos de la @ComunidadMadrid hay una irresponsable que solo utiliza la pandemia para atacar al Gobierno central. @ignacioaguado es culpable por seguir manteniendola.
""La irresponsabilidad de @IdiazAyuso "" por @AngelsBarcelo via @La_SER https://t.co/122pHAqkji";0
67;1305607905497034753;#bastaexcusas #prouexcuses #mask #masks #covid_19 #covid #covid19 #coronavirus #seguridad #hablar #hablarenpublico #proyectarlavoz en Avi√±onet De Puig Vent√≥s, Cataluna, Spain https://t.co/EUXCNuxdjv;0
68;1306508941711552513;"Coses que s'han apr√®s; respectar dist√†ncies ; netejar m√©s; tossir i estornudar amb m√©s respecte,
Buseros amb pantalla protectora ,curs amb m√©s rentat de mans .... Ara nom√©s cal mantenir tot aix√≤ ...#Respect @gencat !!";0
69;1306527632419442696;"üö®üö®Esta tarde, todos a la calle a reclamar soluciones y ayudas. Todo un sector paralizado, criminalizado y completamente ahogado. Necesitamos trabajar.üö®üö®

#HacemosEventos 
#WeMakeEvents 
#SomosOcioNocturno #AlertaRoja #RedAlert  #FelizJueves @yahirmusic https://t.co/fglg6dKp4c";0
70;1306521481464213504;@franfdez19 Sus putos muertos;0
71;1306510160479891458;"üî¥üî¥17Süî¥üî¥
Hoy nos vestimos de rojo para reivindicar que la cultura es segura, que los eventos si se toman medidas son seguros
#HacemosEventos
Muchas familias viven de este sector, show must go on
#AlertaRoja #redalert #17s https://t.co/4Zn8dl3120";0
72;1306257031586869251;@parquesdemurcia @MurciaPolicia @YZaraiche https://t.co/yTPxf6QvhS;0
73;1306516053569286145;@BonetPedro_ @atleticbalears @Magdagari Que vaya bien la operaci√≥n y a recuperarse prontoüí™üí™üí™ah!y recuerda que est√° prohibido aplaudir con muletas;0
74;1306169526342615041;#ABANCAsostenible En @somosABANCA convertir√°n mi deseo de cumplea√±os en acciones para el planeta. Como limpiar nuestras costas. Descubre m√°s proyectos aqu√≠: https://t.co/rgmM2Yw4dE;0
75;1306514420898693121;@LANACION Una conclusi√≥n digna de un genio sin precedentes en la historia de la humanidad.;0
76;1306501844559167488;@BoludeadasA #elfocoawards2020 Agust√≠n Casanova GANADOR MEJOR ARTISTA LATINO;0
77;1306171411577348097;Se√±ores del @populares @PSOE @pablocasado_ @sanchezcastejon  eviten m√°s despidos de militares a los 45 a√±os lo que est√° diciendo y en el @Congreso_Es el se√±or diputado @MGutierrezCs es m√°s verdad que un santo se lo comento y se lo digo como afectado de dicha situaci√≥n @UnionTTPs https://t.co/nUakEis9Mc;0
78;1306526246042570753;@luisferreira_47 @IdeiasII @FatimaAntero @ccafaro1 @saogama @HerminioCoelho4 @NatliaPinto2 @buk3http @AnaCatarinaOrt @levycorreia @TarecaPlantier @HerminioCerq @hmarianeves @pitabelmonte @IsabM @RuiFrancoSilva @FranciscaTeodo3 @lembra_quem @isabecarve @LourencoNatalia @lfilipe_moreira @HFormiguinhas @AntnioLopes20 @dealmeidaperei2 @jasenascedragao @esquilo71 @NicolinaGuim @nelasilva @miguelj85434039 Bom dia Lu√≠s üå•Ô∏èüè°üôè;0
79;1305587235564158976;"Proposo que el tema de la independ√®ncia entre @Pdemocratacat i @JuntsXCat es resolgui via un combat de lluita lliure entre Artur Mas i @KRLS .

Tanta tonteria.";0
80;1306506106202660865;Y m√°s personal de limpieza, comedores, etc...que habr√° crisis por la situaci√≥n pero los trabajadores no tienen porque pagarla;0
81;1306536153710055425;"Una gra verdad compa√±ero @VeraSoul 
Analicen los partidos pol√≠ticos est√° situaci√≥n muchas gracias.
#stopdespidos45 #salvaralsoldadoespa√±ol 
#NoSomosUnGastoSuperfluo 
@PSOE @populares @CiudadanosCs @vox_es";0
82;1306535158896635904;@Paulirc14 @joanribo @SanGomezLopez @plazaradio_ Si le sumas la ineficacia de los pol√≠ticos el problema es m√°s grave. Un desastre de gesti√≥n.  Mi cari√±o y solidaridad con esa madre.;0
83;1306527577755049984;@IdeiasII @joanaouteresa @ccafaro1 @saogama @HerminioCoelho4 @NatliaPinto2 @buk3http @luisferreira_47 @AnaCatarinaOrt @levycorreia @TarecaPlantier @HerminioCerq @hmarianeves @pitabelmonte @IsabM @RuiFrancoSilva @FranciscaTeodo3 @lembra_quem @isabecarve @LourencoNatalia @lfilipe_moreira @HFormiguinhas @AntnioLopes20 @FatimaAntero @dealmeidaperei2 @jasenascedragao @esquilo71 @NicolinaGuim @nelasilva @miguelj85434039 Bom dia üå•Ô∏è;0
84;1306501235005181953;"@BoludeadasA #elfocoawards2020 √Ångela Torres (@angelatorresok) GANADORA MEJOR FANDOM
v";0
85;1306514295837143042;"El sector musical (t√®cnics, m√∫sics, promotors, organitzadors de concerts i events, regidors‚Ä¶) sortirem al carrer¬†per donar visibilitat al desamparament que est√† vivint degut a la situaci√≥ actual.
#redalert #alertaroja #alertarojaeventos #hacemoseventos #laculturaessegura https://t.co/ywPa3bwwgV";0
86;1306504745457192968;Excelente art√≠culo,muy esclarecedor,al final va a resultar que lo de las fosas clandestinas es un mito ,al menos en lo referente a v√≠ctimas del bando nacional,no se puede decir lo mismo de las v√≠ctimas del bando republicano #MemoriaHistorica https://t.co/PhB1E4R8Kk;0
87;1306538377110487041;@DonShelby_ No te equivoques, Benzema no tiene la culpa y est√° tirando del carro de la delantera. Que el terrorista no ponga a Jovic ni con Benzema lesionado es su culpa;0
88;1306257773013987336;Realidad? Realidad el asco que da una persona como t√∫ que se r√≠e de un flagelo como el narcotrafico que ha dejado miles de muertos en un pa√≠s hermano del tuyo solo por hacer la gracia en un tema tan natural como el f√∫tbol, deber√≠a dolerte a ti,por suerte no representas t√∫ a PY üáµüáæ;0
89;1306278851669094400;Ya estamos en la primera sesi√≥n del Foro de Investigaci√≥n Doctoral iniciando este curso 2020-2021. Formato online y aforo reducido + üò∑ en @DretUV. https://t.co/eIic3gN0oN;0
90;1306169576661692416;Aprendiendo un a√±o m√°s sobre #customerjourney #Digitalmarketing gracias a @andresmondejar, Digital Marketing Manager de @WoltersKluwerEs. Gracias por la iniciativa #Salessummit2020, este a√±o desde casa üè†y en las oficinas de @Dsibaleares #EventosWK #a3PartnerExperience https://t.co/Ft1qrk9ejd;0
91;1306169606843895808;Se√±ores del @populares @PSOE @pablocasado_ @sanchezcastejon  eviten m√°s despidos de militares a los 45 a√±os lo que est√° diciendo y en el @Congreso_Es el se√±or diputado @MGutierrezCs es m√°s verdad que un santo se lo comento y se lo digo como afectado de dicha situaci√≥n https://t.co/Zt0f3aFvDQ;0
92;1306500331493355520;@RenExplo @NiryN Craignos √† mort si il v√©hicule ce genre de propos devant des jeunes influen√ßables;0
93;1306524348648493057;En nada subo a casa y abro stream en mi canal de #twitch;0
94;1306540364350791682;"https://t.co/0WT830MAWP
Hola Isabel D√≠az Ayuso, hola Ferreras, hola Mar√≠a Claver, hola @JqManso @elmundoes aqu√≠ l@s sanitari@s os dejan una reflexi√≥n sobre el porqu√© se contagian l@s Madrile√±@s con la #COVID19 porque no pueden teletrabajar!!!üëèüëè
#CoronavirusARV 
#AyusoDimision";1
95;1306521234813988864;@Mariamoranh6 @realvalladolid Ha afectado el partido domingo contra el Betis? üôÑ;0
96;1306538649828327436;@_DivineStorm Si, pero son los mismos que no les importa gastarse 300 en una coleccionista con una figurita enana de resina y una invocaci√≥n ingame. Est√° claro que 80 es caro, pero tambi√©n 70, 60 y si me apuras 50. No veo la novedad, vaya.;0
97;1306512148714094592;"üî¥ He estado en varios eventos culturales este verano, y en pocos sitios me he sentido tan segura. üî¥ 
@AlertaRojaES
#AlertaRoja 
#HacemosEventos
#RedAlert
#WeMakeEvents";0
98;1305878256357445633;@europapress Pensaba que el gobierno estar√≠a m√°s preocupado,por la pandemia y por el estado naci√≥n con 8 millones gente en el paro, con la crisis que tenemos econ√≥mica, pero no interesa m√°s lo del Valle de los ca√≠dos.;1
99;1306543002416939008;@policia Y no me quiero meter m√°s. Pero ETA desapareci√≥, el fascismo sigue cometiendo cr√≠menes. No ser√° que los terroristas son los de vox y ultraderecha afines?;0